{
    "loss": 3.9535279273986816,
    "accuracy": 0.5053763389587402
}