{
    "loss": 1.9316465854644775,
    "accuracy": 0.5268816947937012
}